"id","servico_id","complexidade_id","cargo_id","nivel_id","het_max","desativada","id_regra_old","fator_ajuste"
913,144,10,21,4,"1",False,NULL,"0.5"
894,141,5,9,1,"2",True,NULL,"1"
886,141,5,10,2,"2",True,NULL,"1"
934,187,5,9,1,"0.25",False,NULL,"1"
936,187,5,9,3,"0.25",False,NULL,"1"
938,187,5,10,2,"0.25",False,NULL,"1"
940,187,5,11,3,"0.25",False,NULL,"1"
941,187,5,12,3,"0.25",False,NULL,"1"
943,187,5,14,3,"0.25",False,NULL,"1"
944,187,5,16,2,"0.25",False,NULL,"1"
946,165,5,14,3,"8",False,NULL,"1"
796,107,5,11,2,"36",True,352,"1"
947,166,5,9,2,"8",False,NULL,"1"
950,166,5,9,3,"8",False,NULL,"1"
952,166,5,11,2,"8",False,NULL,"1"
953,166,5,11,3,"8",False,NULL,"1"
955,167,5,10,2,"2",False,NULL,"1"
956,167,5,11,2,"2",False,NULL,"1"
958,167,5,9,2,"2",False,NULL,"1"
959,167,5,9,3,"2",False,NULL,"1"
960,167,5,12,3,"2",False,NULL,"1"
962,168,5,11,2,"4",False,NULL,"1"
963,168,5,11,3,"4",False,NULL,"1"
964,168,5,9,2,"4",False,NULL,"1"
967,169,6,9,1,"5",False,NULL,"1"
969,169,6,9,2,"5",False,NULL,"1"
971,169,6,9,3,"5",False,NULL,"1"
972,169,7,9,2,"6",False,NULL,"1"
974,169,7,9,3,"6",False,NULL,"1"
975,169,8,9,2,"8",False,NULL,"1"
976,169,8,9,3,"8",False,NULL,"1"
977,170,6,9,1,"4",False,NULL,"1"
978,170,6,9,2,"4",False,NULL,"1"
979,170,6,9,3,"4",False,NULL,"1"
980,170,7,9,2,"5",False,NULL,"1"
981,170,7,9,3,"5",False,NULL,"1"
982,170,8,9,2,"6",False,NULL,"1"
983,170,8,9,3,"6",False,NULL,"1"
984,171,7,9,1,"4",False,NULL,"1"
985,171,7,9,2,"4",False,NULL,"1"
986,171,7,9,3,"4",False,NULL,"1"
987,172,8,9,2,"10",False,NULL,"1"
989,172,8,9,3,"10",False,NULL,"1"
990,172,8,12,3,"10",False,NULL,"1"
991,173,6,9,1,"2",False,NULL,"1"
992,173,6,9,2,"2",False,NULL,"1"
993,173,8,9,3,"2",False,NULL,"1"
994,173,7,9,2,"3",False,NULL,"1"
995,173,7,9,3,"3",False,NULL,"1"
996,173,8,9,2,"4",False,NULL,"1"
997,173,8,9,3,"4",False,NULL,"1"
998,174,6,9,1,"1",False,NULL,"1"
999,174,6,9,2,"1",False,NULL,"1"
1000,174,6,9,3,"1",False,NULL,"1"
1001,174,7,9,2,"2",False,NULL,"1"
1002,174,7,9,3,"2",False,NULL,"1"
1003,174,8,9,2,"4",False,NULL,"1"
1004,174,8,9,3,"4",False,NULL,"1"
1005,175,5,9,1,"2",False,NULL,"1"
1006,175,5,9,2,"2",False,NULL,"1"
1007,175,5,9,3,"2",False,NULL,"1"
1008,176,5,9,1,"3",False,NULL,"1"
1009,176,5,9,2,"3",False,NULL,"1"
1010,176,5,9,3,"3",False,NULL,"1"
1011,177,5,9,3,"8",False,NULL,"1"
1012,177,5,10,2,"8",False,NULL,"1"
1014,177,5,12,3,"8",False,NULL,"1"
1015,178,5,9,2,"1",False,NULL,"1"
1016,178,5,9,3,"1",False,NULL,"1"
1018,179,5,11,2,"2",False,NULL,"1"
1019,179,5,11,3,"2",False,NULL,"1"
1020,179,5,16,2,"2",False,NULL,"1"
1021,51,5,16,2,"6",False,NULL,"1"
1022,180,5,9,2,"2",False,NULL,"1"
1023,180,5,9,3,"2",False,NULL,"1"
1024,180,5,16,2,"2",False,NULL,"1"
1025,181,5,11,2,"2",False,NULL,"1"
1026,181,5,11,3,"2",False,NULL,"1"
1027,181,5,9,2,"2",False,NULL,"1"
1028,181,5,9,3,"2",False,NULL,"1"
1030,181,5,16,2,"2",False,NULL,"1"
1031,91,8,16,2,"24",False,NULL,"1"
1032,182,5,9,1,"2",False,NULL,"1"
1033,182,5,9,2,"2",False,NULL,"1"
1034,182,5,9,3,"2",False,NULL,"1"
1035,96,6,9,2,"8",False,NULL,"1"
1036,96,6,9,3,"8",False,NULL,"1"
1037,96,6,12,3,"8",False,NULL,"1"
1038,96,7,12,3,"16",False,NULL,"1"
1039,96,7,9,2,"16",False,NULL,"1"
1040,96,7,9,3,"16",False,NULL,"1"
1041,96,8,9,2,"36",False,NULL,"1"
1042,96,8,9,3,"36",False,NULL,"1"
1043,96,8,12,3,"36",False,NULL,"1"
1044,183,5,9,1,"0.5",False,NULL,"1"
1045,183,5,9,2,"0.5",False,NULL,"1"
731,106,5,11,2,"1",True,227,"1"
937,187,5,9,2,"0.25",False,NULL,"1"
939,187,5,11,2,"0.25",False,NULL,"1"
942,187,5,13,3,"0.25",False,NULL,"1"
949,166,5,10,2,"8",False,NULL,"1"
954,166,5,12,3,"8",False,NULL,"1"
957,167,5,11,3,"2",False,NULL,"1"
961,168,5,10,2,"4",False,NULL,"1"
965,168,5,9,3,"4",False,NULL,"1"
966,168,5,12,3,"4",False,NULL,"1"
1017,178,5,16,2,"1",False,NULL,"1"
1046,183,5,9,3,"0.5",False,NULL,"1"
1048,86,5,12,3,"6",False,NULL,"1"
1049,184,5,9,2,"1",False,NULL,"1"
1050,184,5,9,3,"1",False,NULL,"1"
1051,185,5,10,2,"0.25",False,NULL,"1"
1056,185,5,9,1,"0.25",False,NULL,"1"
874,140,5,10,2,"2",True,NULL,"1"
879,140,5,14,3,"2",True,NULL,"1"
1061,186,5,11,2,"0.25",False,NULL,"1"
1066,188,5,10,2,"1",False,NULL,"1"
1068,188,5,11,3,"1",False,NULL,"1"
1071,189,5,11,2,"1",False,NULL,"1"
1072,189,5,11,3,"1",False,NULL,"1"
1075,190,5,13,3,"0.5",False,NULL,"1"
1076,191,5,13,3,"4",False,NULL,"1"
1078,193,5,12,3,"1",False,NULL,"1"
1081,196,5,12,3,"1",False,NULL,"1"
1082,197,5,12,3,"1",False,NULL,"1"
1084,198,6,9,3,"5",False,NULL,"1"
1086,198,7,9,3,"10",False,NULL,"1"
1052,185,5,11,2,"0.25",False,NULL,"1"
1057,185,5,9,2,"0.25",False,NULL,"1"
873,140,5,11,3,"2",True,NULL,"1"
1062,186,5,11,3,"0.25",False,NULL,"1"
1067,188,5,11,2,"1",False,NULL,"1"
1070,189,5,10,2,"1",False,NULL,"1"
1077,192,5,12,3,"1",False,NULL,"1"
1085,198,7,12,3,"10",False,NULL,"1"
1087,198,8,12,3,"20",False,NULL,"1"
1053,185,5,11,3,"0.25",False,NULL,"1"
1058,185,5,9,3,"0.25",False,NULL,"1"
1059,185,5,13,3,"0.25",False,NULL,"1"
1060,185,5,14,3,"0.25",False,NULL,"1"
872,140,5,11,2,"2",True,NULL,"1"
1063,186,5,9,1,"0.25",False,NULL,"1"
1069,188,5,13,3,"1",False,NULL,"1"
1073,189,5,13,3,"1",False,NULL,"1"
1079,194,5,12,3,"1",False,NULL,"1"
1080,195,5,12,3,"1",False,NULL,"1"
1083,198,6,12,3,"5",False,NULL,"1"
1088,198,8,9,3,"20",True,NULL,"1"
1054,185,5,16,2,"0.25",False,NULL,"1"
875,140,5,12,3,"2",True,NULL,"1"
1064,186,5,9,2,"0.25",False,NULL,"1"
1055,185,5,12,3,"0.25",False,NULL,"1"
881,140,5,9,2,"2",True,NULL,"1"
883,140,5,13,3,"2",True,NULL,"1"
1065,186,5,9,3,"0.25",False,NULL,"1"
580,54,5,9,2,"8",True,41,"1"
581,54,5,9,3,"8",True,42,"1"
582,54,5,12,3,"8",True,45,"1"
578,54,5,11,2,"8",True,39,"1"
579,54,5,11,3,"8",True,40,"1"
673,72,5,11,3,"46",True,160,"1"
672,72,5,11,2,"46",True,159,"1"
671,72,5,10,2,"46",True,157,"1"
695,71,5,9,1,"4",True,182,"1"
665,69,5,9,1,"8",True,150,"1"
664,76,5,9,1,"4",True,149,"1"
666,76,5,9,2,"4",True,151,"1"
667,76,5,9,3,"4",True,152,"1"
668,69,5,9,2,"8",True,153,"1"
669,69,5,9,3,"8",True,154,"1"
572,53,5,11,2,"14",False,29,"1"
573,53,5,11,3,"14",False,30,"1"
574,53,5,9,2,"14",False,31,"1"
575,53,5,9,3,"14",False,32,"1"
576,53,5,12,3,"14",False,35,"1"
577,53,5,13,3,"14",False,37,"1"
586,61,5,11,2,"2",False,53,"1"
587,61,5,11,3,"2",False,54,"1"
588,61,5,9,2,"2",False,55,"1"
589,61,5,9,3,"2",False,56,"1"
590,61,5,12,3,"2",False,59,"1"
591,55,5,11,2,"1",False,61,"1"
592,55,5,11,3,"1",False,62,"1"
593,55,5,9,1,"1",False,63,"1"
594,55,5,9,2,"1",False,64,"1"
595,55,5,9,3,"1",False,65,"1"
596,55,5,12,3,"1",False,68,"1"
597,55,5,13,3,"1",False,71,"1"
598,49,5,11,2,"22",False,73,"1"
599,49,5,11,3,"22",False,74,"1"
600,49,5,9,2,"22",False,75,"1"
601,49,5,9,3,"22",False,76,"1"
602,49,5,12,3,"22",False,79,"1"
603,58,5,10,2,"22",False,80,"1"
604,59,5,10,2,"10",False,82,"1"
623,56,5,14,3,"1",False,107,"1"
648,74,5,9,1,"6",False,132,"1"
649,74,5,9,2,"6",False,133,"1"
650,74,5,9,3,"6",False,134,"1"
674,104,5,9,1,"4",False,161,"1"
675,104,5,9,2,"4",False,162,"1"
676,104,5,9,3,"4",False,163,"1"
677,70,5,9,1,"1",False,164,"1"
678,70,5,9,2,"1",False,165,"1"
679,70,5,9,3,"1",False,166,"1"
680,63,5,9,1,"1",False,167,"1"
681,63,5,9,2,"1",False,168,"1"
682,63,5,9,3,"1",False,169,"1"
683,68,5,9,1,"2",False,170,"1"
684,68,5,9,2,"2",False,171,"1"
685,68,5,9,3,"2",False,172,"1"
686,64,5,9,1,"2",False,173,"1"
687,64,5,9,2,"2",False,174,"1"
688,64,5,9,3,"2",False,175,"1"
689,103,5,9,1,"1",False,176,"1"
690,103,5,9,2,"1",False,177,"1"
691,103,5,9,3,"1",False,178,"1"
692,66,5,9,1,"4",False,179,"1"
693,66,5,9,2,"4",False,180,"1"
694,66,5,9,3,"4",False,181,"1"
696,71,5,9,2,"4",False,183,"1"
697,71,5,9,3,"4",False,184,"1"
698,71,5,16,2,"4",False,185,"1"
699,62,5,11,2,"8",False,187,"1"
700,62,5,11,3,"8",False,188,"1"
701,62,5,16,2,"8",False,189,"1"
703,51,5,9,2,"6",False,192,"1"
704,51,5,9,3,"6",False,193,"1"
705,78,5,11,2,"4",False,194,"1"
706,78,5,11,3,"4",False,195,"1"
707,78,5,16,2,"4",False,196,"1"
708,79,5,9,1,"4",False,198,"1"
709,79,5,9,2,"4",False,199,"1"
710,79,5,9,3,"4",False,200,"1"
711,79,5,16,2,"4",False,201,"1"
714,90,5,16,2,"4",False,207,"1"
715,87,5,9,1,"6",False,209,"1"
716,87,5,9,2,"6",False,210,"1"
717,87,5,9,3,"6",False,211,"1"
718,85,5,9,1,"1",False,212,"1"
719,85,5,9,2,"1",False,213,"1"
720,85,5,9,3,"1",False,214,"1"
721,88,5,9,2,"1",False,215,"1"
722,88,5,9,3,"1",False,216,"1"
732,93,5,13,3,"2",False,229,"1"
733,95,5,13,3,"8",False,231,"1"
734,94,5,13,3,"2",False,233,"1"
735,82,5,13,3,"4",False,235,"1"
736,82,5,11,2,"4",False,236,"1"
737,82,5,11,3,"4",False,237,"1"
738,82,5,10,2,"4",False,238,"1"
739,80,5,13,3,"2",False,241,"1"
740,80,5,11,2,"2",False,242,"1"
741,80,5,11,3,"2",False,243,"1"
742,80,5,10,2,"2",False,244,"1"
743,83,5,9,1,"4",False,246,"1"
744,83,5,9,2,"4",False,247,"1"
745,83,5,9,3,"4",False,248,"1"
746,83,5,11,2,"4",False,250,"1"
747,83,5,11,3,"4",False,251,"1"
808,99,5,12,3,NULL,False,370,"1"
809,99,5,10,2,NULL,False,371,"1"
811,99,5,13,3,NULL,False,373,"1"
812,99,5,14,3,NULL,False,374,"1"
813,99,5,9,1,NULL,False,375,"1"
814,99,5,9,2,NULL,False,376,"1"
815,99,5,9,3,NULL,False,377,"1"
816,99,5,16,2,NULL,False,378,"1"
817,99,5,11,2,NULL,False,379,"1"
818,99,5,11,3,NULL,False,380,"1"
819,111,5,17,2,NULL,False,381,"1"
820,111,5,12,3,NULL,False,382,"1"
821,111,5,10,2,NULL,False,383,"1"
823,111,5,13,3,NULL,False,385,"1"
824,111,5,14,3,NULL,False,386,"1"
825,111,5,9,1,NULL,False,387,"1"
826,111,5,9,2,NULL,False,388,"1"
827,111,5,9,3,NULL,False,389,"1"
828,111,5,16,2,NULL,False,390,"1"
829,111,5,11,2,NULL,False,391,"1"
830,111,5,11,3,NULL,False,392,"1"
555,60,6,9,1,"1",False,5,"1"
556,60,6,9,2,"1",False,6,"1"
557,60,6,9,3,"1",False,7,"1"
563,105,6,11,2,"24",False,16,"1"
564,105,6,11,3,"24",False,17,"1"
583,52,6,12,3,"22",False,47,"1"
605,57,6,11,2,"1",False,85,"1"
606,57,6,11,3,"1",False,86,"1"
611,57,6,9,1,"1",False,93,"1"
612,57,6,9,2,"1",False,94,"1"
613,57,6,9,3,"1",False,95,"1"
620,57,6,12,3,"1",False,102,"1"
634,101,6,9,1,"11",False,118,"1"
635,101,6,9,2,"11",False,119,"1"
636,101,6,9,3,"11",False,120,"1"
641,73,6,9,1,"8",False,125,"1"
642,73,6,9,2,"8",False,126,"1"
643,73,6,9,3,"8",False,127,"1"
728,89,5,9,1,"0.5",True,224,"1"
702,51,5,9,1,"6",True,191,"1"
723,96,5,12,3,"36",True,218,"1"
729,89,5,9,2,"0.5",True,225,"1"
730,89,5,9,3,"0.5",True,226,"1"
724,77,5,9,1,"1",True,219,"1"
752,108,5,11,2,"1",True,257,"1"
753,108,5,11,3,"1",True,258,"1"
627,102,6,9,1,"5",True,111,"1"
726,77,5,9,3,"1",True,221,"1"
754,108,5,10,2,"1",True,260,"1"
756,108,5,9,2,"1",True,263,"1"
755,108,5,9,1,"1",True,262,"1"
757,108,5,9,3,"1",True,264,"1"
749,84,5,9,3,"1",True,253,"1"
750,84,5,11,2,"1",True,254,"1"
751,84,5,11,3,"1",True,255,"1"
748,84,5,9,2,"1",True,252,"1"
551,110,6,9,1,"18",True,1,"1"
554,110,6,9,2,"18",True,4,"1"
624,110,6,9,3,"18",True,108,"1"
628,102,6,9,2,"5",True,112,"1"
629,102,6,9,3,"5",True,113,"1"
658,81,6,9,3,"2",True,143,"1"
659,81,6,9,2,"2",True,144,"1"
725,77,5,9,2,"1",True,220,"1"
657,81,6,9,1,"2",True,142,"1"
712,92,5,16,2,"4",True,203,"1"
565,105,7,11,2,"32",False,18,"1"
566,105,7,11,3,"32",False,19,"1"
584,52,7,12,3,"29",False,49,"1"
607,57,7,11,2,"1",False,88,"1"
608,57,7,11,3,"1",False,89,"1"
614,57,7,9,1,"1",False,96,"1"
615,57,7,9,2,"1",False,97,"1"
616,57,7,9,3,"1",False,98,"1"
621,57,7,12,3,"1",False,103,"1"
637,101,7,9,2,"14",False,121,"1"
638,101,7,9,3,"14",False,122,"1"
644,73,7,9,2,"10",False,128,"1"
645,73,7,9,3,"10",False,129,"1"
835,112,8,9,2,"1",False,397,"1"
836,112,8,9,3,"1",False,398,"1"
567,105,8,11,2,"40",False,20,"1"
568,105,8,11,3,"40",False,21,"1"
585,52,8,12,3,"36",False,51,"1"
609,57,8,11,2,"1",False,91,"1"
610,57,8,11,3,"1",False,92,"1"
617,57,8,9,1,"1",False,99,"1"
618,57,8,9,2,"1",False,100,"1"
619,57,8,9,3,"1",False,101,"1"
622,57,8,12,3,"1",False,104,"1"
639,101,8,9,2,"17",False,123,"1"
640,101,8,9,3,"17",False,124,"1"
646,73,8,9,2,"12",False,130,"1"
647,73,8,9,3,"12",False,131,"1"
841,115,9,19,4,NULL,False,NULL,"1"
842,116,9,20,4,"4",False,NULL,"1"
843,117,9,20,4,"6",False,NULL,"1"
849,123,9,20,4,"4",False,NULL,"1"
852,126,9,20,4,"4",False,NULL,"1"
854,128,9,20,4,"24",False,NULL,"1"
856,130,6,14,3,"5",False,NULL,"1"
857,132,7,14,3,"11",False,NULL,"1"
858,133,8,14,3,"17",False,NULL,"1"
569,50,6,14,3,"10",True,23,"1"
570,50,7,14,3,"20",True,25,"1"
571,50,8,14,3,"32",True,27,"1"
862,136,6,14,3,"5",False,NULL,"1"
911,46,4,5,4,NULL,False,NULL,"1"
864,138,8,14,3,"16",False,NULL,"1"
844,118,9,20,4,"4",False,NULL,"1"
845,119,9,20,4,"8",False,NULL,"1"
848,122,9,20,4,"24",False,NULL,"1"
853,127,9,20,4,"40",False,NULL,"1"
865,53,5,10,2,"14",False,NULL,"1"
910,137,7,14,3,"11",False,NULL,"1"
558,60,7,9,1,"1",True,8,"1"
559,60,7,9,3,"1",True,9,"1"
560,60,7,9,2,"1",True,10,"1"
561,60,8,9,2,"1",True,11,"1"
562,60,8,9,3,"1",True,12,"1"
846,120,9,20,4,"0.5",False,NULL,"1"
867,49,5,9,1,"22",False,NULL,"1"
871,78,5,9,3,"4",False,NULL,"1"
660,81,7,9,2,"4",True,145,"1"
661,81,7,9,3,"4",True,146,"1"
662,81,8,9,2,"6",True,147,"1"
663,81,8,9,3,"6",True,148,"1"
847,121,9,20,4,"0.5",False,NULL,"1"
899,142,5,10,2,NULL,False,NULL,"1"
901,142,5,11,3,NULL,False,NULL,"1"
903,142,5,12,3,NULL,False,NULL,"1"
896,141,5,9,3,"2",True,NULL,"1"
897,106,5,11,3,"1",True,NULL,"1"
859,131,6,14,3,"5",True,NULL,"1"
860,134,7,14,3,"11",True,NULL,"1"
861,135,8,14,3,"17",True,NULL,"1"
866,54,5,10,2,"8",True,NULL,"1"
869,78,5,9,1,"4",True,NULL,"1"
880,140,5,9,1,"2",True,NULL,"1"
882,140,5,9,3,"2",True,NULL,"1"
878,140,5,16,2,"2",True,NULL,"1"
868,139,5,14,3,"2",True,NULL,"1"
552,110,7,9,2,"22",True,2,"1"
625,110,7,9,3,"22",True,109,"1"
626,110,8,9,2,"26",True,110,"1"
630,102,7,9,2,"6",True,114,"1"
632,102,8,9,2,"7",True,116,"1"
651,67,7,9,1,"8",True,135,"1"
656,75,8,12,3,"14",True,141,"1"
838,113,7,9,3,"4",True,400,"1"
553,110,8,9,3,"26",True,3,"1"
631,102,7,9,3,"6",True,115,"1"
652,67,7,9,2,"8",True,136,"1"
653,67,7,9,3,"8",True,137,"1"
633,102,8,9,3,"7",True,117,"1"
840,114,8,9,3,"6",True,402,"1"
837,113,7,9,2,"4",True,399,"1"
839,114,8,9,2,"6",True,401,"1"
654,75,8,9,2,"14",True,138,"1"
655,75,8,9,3,"14",True,139,"1"
850,124,9,20,4,"4",False,NULL,"1"
851,125,9,20,4,"2",False,NULL,"1"
855,129,9,20,4,"40",False,NULL,"1"
870,78,5,9,2,"4",False,NULL,"1"
902,142,5,16,2,NULL,False,NULL,"1"
904,142,5,9,1,NULL,False,NULL,"1"
905,142,5,9,2,NULL,False,NULL,"1"
907,142,5,13,3,NULL,False,NULL,"1"
909,142,5,8,4,NULL,False,NULL,"1"
832,65,7,9,1,"1",False,394,"1"
833,65,7,9,2,"1",False,395,"1"
834,65,7,9,3,"1",False,396,"1"
1,1,1,1,2,"14",False,NULL,"1"
2,1,1,2,2,"14",False,NULL,"1"
3,2,1,1,2,"6",False,NULL,"1"
4,2,1,3,2,"6",False,NULL,"1"
5,3,1,1,2,"8",False,NULL,"1"
6,3,1,3,1,"8",False,NULL,"1"
7,4,1,1,2,"8",False,NULL,"1"
8,4,1,3,1,"8",False,NULL,"1"
9,5,1,1,3,"6",False,NULL,"1"
11,6,1,1,3,"16",False,NULL,"1"
12,6,1,3,2,"16",False,NULL,"1"
13,7,2,1,2,"24",False,NULL,"1"
15,7,3,1,3,"24",False,NULL,"1"
16,7,2,4,3,"24",False,NULL,"1"
17,7,4,1,3,"24",False,NULL,"1"
18,7,4,4,3,"24",False,NULL,"1"
19,8,1,1,3,"16",False,NULL,"1"
20,9,1,1,2,"1",False,NULL,"1"
21,10,1,1,2,"1",False,NULL,"1"
22,10,1,3,1,"1",False,NULL,"1"
23,11,2,1,2,"4",False,NULL,"1"
24,11,3,1,2,"4",False,NULL,"1"
25,11,4,1,3,"4",False,NULL,"1"
26,12,2,1,2,"8",False,NULL,"1"
27,12,3,1,2,"8",False,NULL,"1"
28,12,4,1,3,"8",False,NULL,"1"
30,14,1,1,3,"4",False,NULL,"1"
31,14,1,2,2,"4",False,NULL,"1"
32,15,1,1,2,"8",False,NULL,"1"
33,15,1,4,2,"8",False,NULL,"1"
34,15,1,2,2,"8",False,NULL,"1"
35,15,1,3,2,"8",False,NULL,"1"
36,16,3,1,2,"1",False,NULL,"1"
37,16,3,4,2,"1",False,NULL,"1"
38,16,3,2,2,"1",False,NULL,"1"
39,16,3,3,2,"1",False,NULL,"1"
40,16,4,1,3,"1",False,NULL,"1"
41,16,4,4,3,"1",False,NULL,"1"
42,16,4,2,3,"1",False,NULL,"1"
43,16,4,3,3,"1",False,NULL,"1"
10,5,1,2,2,"6",False,NULL,"1"
29,13,1,1,3,"0.5",False,NULL,"1"
58,19,2,2,1,"24",False,NULL,"1"
59,19,3,2,3,"24",False,NULL,"1"
60,19,4,2,3,"24",False,NULL,"1"
61,20,2,2,1,"48",False,NULL,"1"
62,20,3,2,2,"48",False,NULL,"1"
63,20,4,2,3,"48",False,NULL,"1"
64,21,2,2,2,"4",False,NULL,"1"
66,21,4,2,3,"4",False,NULL,"1"
67,22,2,3,1,"4",False,NULL,"1"
68,22,3,3,2,"4",False,NULL,"1"
69,22,4,3,3,"4",False,NULL,"1"
71,23,3,3,2,"6",False,NULL,"1"
72,23,4,3,3,"6",False,NULL,"1"
73,24,2,2,1,"16",False,NULL,"1"
74,24,3,2,2,"16",False,NULL,"1"
76,25,2,2,1,"4",False,NULL,"1"
79,25,3,3,2,"4",False,NULL,"1"
86,28,3,4,3,"0.5",False,NULL,"1"
87,28,4,4,3,"0.5",False,NULL,"1"
89,43,1,4,3,"1",False,NULL,"1"
90,31,1,4,2,"2",False,NULL,"1"
91,44,1,4,3,"3",False,NULL,"1"
92,45,1,4,3,"6",False,NULL,"1"
93,32,2,3,1,"4",False,NULL,"1"
94,32,3,3,2,"4",False,NULL,"1"
95,32,4,3,3,"4",False,NULL,"1"
96,33,1,2,2,"4",False,NULL,"1"
97,34,1,2,2,"2",False,NULL,"1"
98,35,1,2,1,"2",False,NULL,"1"
99,36,1,4,2,"0.5",False,NULL,"1"
100,37,1,4,2,"0.5",False,NULL,"1"
101,38,2,4,2,"1",False,NULL,"1"
102,38,3,4,2,"1",False,NULL,"1"
103,38,4,4,3,"1",False,NULL,"1"
104,39,1,4,3,"2",False,NULL,"1"
105,40,2,4,2,"24",False,NULL,"1"
106,40,3,4,3,"24",False,NULL,"1"
887,141,5,11,2,"2",True,NULL,"1"
890,141,5,12,3,"2",True,NULL,"1"
891,141,5,13,3,"2",True,NULL,"1"
893,141,5,16,2,"2",True,NULL,"1"
884,84,5,9,1,"1",True,NULL,"1"
831,106,5,17,2,"1",False,393,"1"
107,40,4,4,3,"24",False,NULL,"1"
108,41,1,4,2,"2",False,NULL,"1"
65,21,3,2,2,"4",False,NULL,"1"
109,46,1,1,2,NULL,False,NULL,"1"
110,46,1,1,3,NULL,False,NULL,"1"
111,46,1,2,1,NULL,False,NULL,"1"
112,46,1,2,2,NULL,False,NULL,"1"
113,46,1,2,3,NULL,False,NULL,"1"
114,46,1,3,1,NULL,False,NULL,"1"
115,46,1,3,2,NULL,False,NULL,"1"
116,46,1,3,3,NULL,False,NULL,"1"
117,46,1,4,2,NULL,False,NULL,"1"
118,46,1,4,3,NULL,False,NULL,"1"
122,1,1,1,3,"14",False,NULL,"1"
123,1,1,2,1,"14",False,NULL,"1"
124,1,1,2,3,"14",False,NULL,"1"
125,1,1,3,1,"14",False,NULL,"1"
126,1,1,3,2,"14",False,NULL,"1"
127,1,1,3,3,"14",False,NULL,"1"
128,1,1,4,2,"14",False,NULL,"1"
129,1,1,4,3,"14",False,NULL,"1"
132,19,2,2,2,"24",False,NULL,"1"
133,19,2,2,3,"24",False,NULL,"1"
134,19,2,1,2,"24",False,NULL,"1"
135,19,2,1,3,"24",False,NULL,"1"
136,19,3,2,2,"24",False,NULL,"1"
137,19,3,1,2,"24",False,NULL,"1"
138,19,3,1,3,"24",False,NULL,"1"
139,19,4,1,3,"24",False,NULL,"1"
140,20,2,2,2,"48",False,NULL,"1"
141,20,2,2,3,"48",False,NULL,"1"
142,20,3,2,3,"48",False,NULL,"1"
143,22,2,3,2,"4",False,NULL,"1"
144,22,2,3,3,"4",False,NULL,"1"
81,25,4,3,3,"4",False,NULL,"1"
44,17,1,1,3,"2",False,NULL,"1"
84,26,1,4,3,"4",False,NULL,"1"
45,17,1,4,3,"2",False,NULL,"1"
46,17,1,2,3,"2",False,NULL,"1"
47,17,1,3,3,"2",False,NULL,"1"
48,18,1,1,2,"2",False,NULL,"1"
49,18,1,1,3,"2",False,NULL,"1"
50,18,1,4,2,"2",False,NULL,"1"
51,18,1,4,3,"2",False,NULL,"1"
53,18,1,2,2,"2",False,NULL,"1"
80,25,4,2,2,"4",False,NULL,"1"
145,22,2,1,2,"4",False,NULL,"1"
153,22,3,1,2,"4",False,NULL,"1"
156,22,3,2,3,"4",False,NULL,"1"
159,22,4,1,3,"4",False,NULL,"1"
146,22,2,1,3,"4",False,NULL,"1"
154,22,3,1,3,"4",False,NULL,"1"
162,2,1,1,3,"6",False,NULL,"1"
147,22,2,2,1,"4",False,NULL,"1"
158,22,3,4,3,"4",False,NULL,"1"
161,22,4,4,3,"4",False,NULL,"1"
148,22,2,2,2,"4",False,NULL,"1"
150,22,2,4,2,"4",False,NULL,"1"
152,22,3,3,3,"4",False,NULL,"1"
157,22,3,4,2,"4",False,NULL,"1"
160,22,4,2,3,"4",False,NULL,"1"
149,22,2,2,3,"4",False,NULL,"1"
151,22,2,4,3,"4",False,NULL,"1"
155,22,3,2,2,"4",False,NULL,"1"
163,2,1,3,1,"6",False,NULL,"1"
164,2,1,3,3,"6",False,NULL,"1"
165,2,1,2,1,"6",False,NULL,"1"
166,2,1,2,2,"6",False,NULL,"1"
167,2,1,2,3,"6",False,NULL,"1"
168,23,2,3,1,"6",False,NULL,"1"
169,23,2,3,2,"6",False,NULL,"1"
170,23,2,2,3,"6",False,NULL,"1"
171,23,2,4,2,"6",False,NULL,"1"
172,23,2,4,3,"6",False,NULL,"1"
173,23,2,1,2,"6",False,NULL,"1"
174,23,2,1,3,"6",False,NULL,"1"
175,23,2,2,1,"6",False,NULL,"1"
176,23,2,2,2,"6",False,NULL,"1"
179,23,3,3,3,"6",False,NULL,"1"
180,23,3,4,2,"6",False,NULL,"1"
181,23,3,4,3,"6",False,NULL,"1"
182,23,3,1,2,"6",False,NULL,"1"
183,23,3,1,3,"6",False,NULL,"1"
184,23,3,2,2,"6",False,NULL,"1"
185,23,3,2,3,"6",False,NULL,"1"
186,23,4,4,3,"6",False,NULL,"1"
187,23,4,1,3,"6",False,NULL,"1"
188,23,4,2,3,"6",False,NULL,"1"
189,24,2,2,2,"16",False,NULL,"1"
190,24,2,2,3,"16",False,NULL,"1"
191,24,2,1,2,"16",False,NULL,"1"
192,24,2,1,3,"16",False,NULL,"1"
193,24,2,3,1,"16",False,NULL,"1"
194,24,2,3,2,"16",False,NULL,"1"
195,24,2,3,3,"16",False,NULL,"1"
196,24,3,2,3,"16",False,NULL,"1"
197,24,3,1,2,"16",False,NULL,"1"
198,24,3,3,2,"16",False,NULL,"1"
199,24,3,3,3,"16",False,NULL,"1"
201,24,4,1,3,"16",False,NULL,"1"
202,24,4,3,3,"16",False,NULL,"1"
203,3,1,1,3,"8",False,NULL,"1"
204,3,1,3,2,"8",False,NULL,"1"
205,3,1,3,3,"8",False,NULL,"1"
206,3,1,2,1,"8",False,NULL,"1"
207,3,1,2,2,"8",False,NULL,"1"
208,3,1,2,3,"8",False,NULL,"1"
209,4,1,1,3,"8",False,NULL,"1"
210,4,1,3,2,"8",False,NULL,"1"
211,4,1,3,3,"8",False,NULL,"1"
212,4,1,2,1,"8",False,NULL,"1"
213,4,1,2,2,"8",False,NULL,"1"
214,4,1,2,3,"8",False,NULL,"1"
215,5,1,1,2,"6",False,NULL,"1"
216,5,1,2,1,"6",False,NULL,"1"
217,5,1,2,3,"6",False,NULL,"1"
218,5,1,3,1,"6",False,NULL,"1"
219,5,1,3,2,"6",False,NULL,"1"
220,5,1,3,3,"6",False,NULL,"1"
222,25,2,2,2,"4",False,NULL,"1"
224,25,2,3,1,"4",False,NULL,"1"
225,25,2,3,2,"4",False,NULL,"1"
226,25,2,3,3,"4",False,NULL,"1"
227,25,2,1,2,"4",False,NULL,"1"
228,25,2,1,3,"4",False,NULL,"1"
229,25,3,2,3,"4",False,NULL,"1"
230,25,3,3,3,"4",False,NULL,"1"
231,25,3,1,2,"4",False,NULL,"1"
232,25,3,1,3,"4",False,NULL,"1"
235,25,4,1,3,"4",False,NULL,"1"
236,6,1,1,2,"16",False,NULL,"1"
237,6,1,3,1,"16",False,NULL,"1"
239,6,1,2,1,"16",False,NULL,"1"
240,6,1,2,2,"16",False,NULL,"1"
241,6,1,2,3,"16",False,NULL,"1"
242,6,1,4,2,"16",False,NULL,"1"
243,6,1,4,3,"16",False,NULL,"1"
244,7,2,1,3,"24",False,NULL,"1"
247,7,2,3,2,"24",False,NULL,"1"
248,7,2,3,3,"24",False,NULL,"1"
249,7,2,2,1,"24",False,NULL,"1"
250,7,2,2,2,"24",False,NULL,"1"
251,7,2,2,3,"24",False,NULL,"1"
253,7,3,4,3,"24",False,NULL,"1"
254,7,3,3,3,"24",False,NULL,"1"
255,7,3,3,2,"24",False,NULL,"1"
256,7,3,2,2,"24",False,NULL,"1"
257,7,3,2,3,"24",False,NULL,"1"
258,7,4,3,3,"24",False,NULL,"1"
259,7,4,2,3,"24",False,NULL,"1"
252,7,3,1,2,"24",False,NULL,"1"
260,7,3,4,2,"24",False,NULL,"1"
261,8,1,1,2,"16",False,NULL,"1"
262,8,1,3,1,"16",False,NULL,"1"
263,8,1,3,2,"16",False,NULL,"1"
264,8,1,3,3,"16",False,NULL,"1"
265,8,1,4,2,"16",False,NULL,"1"
266,8,1,4,3,"16",False,NULL,"1"
268,9,1,3,1,"1",False,NULL,"1"
269,9,1,3,2,"1",False,NULL,"1"
270,9,1,3,3,"1",False,NULL,"1"
271,10,1,1,3,"1",False,NULL,"1"
272,10,1,3,2,"1",False,NULL,"1"
273,10,1,3,3,"1",False,NULL,"1"
274,10,1,2,1,"1",False,NULL,"1"
275,10,1,2,2,"1",False,NULL,"1"
276,10,1,2,3,"1",False,NULL,"1"
278,11,2,3,1,"4",False,NULL,"1"
280,11,2,3,3,"4",False,NULL,"1"
281,11,2,4,2,"4",False,NULL,"1"
282,11,2,4,3,"4",False,NULL,"1"
283,11,3,1,3,"4",False,NULL,"1"
284,11,3,3,2,"4",False,NULL,"1"
285,11,3,3,3,"4",False,NULL,"1"
291,11,4,4,3,"4",False,NULL,"1"
288,11,4,3,3,"4",False,NULL,"1"
292,11,2,1,3,"4",False,NULL,"1"
293,11,2,3,2,"4",False,NULL,"1"
294,11,3,4,2,"4",False,NULL,"1"
295,11,3,4,3,"4",False,NULL,"1"
296,12,2,1,3,"8",False,NULL,"1"
297,12,2,3,1,"8",False,NULL,"1"
298,12,2,3,2,"8",False,NULL,"1"
299,12,2,3,3,"8",False,NULL,"1"
300,12,2,4,2,"8",False,NULL,"1"
301,12,2,4,3,"8",False,NULL,"1"
177,23,2,3,3,"6",False,NULL,"1"
75,24,4,2,2,"16",False,NULL,"1"
302,12,3,1,3,"8",False,NULL,"1"
306,12,3,4,3,"8",False,NULL,"1"
309,13,1,1,2,"0.5",False,NULL,"1"
318,26,1,3,3,"4",False,NULL,"1"
323,42,1,3,1,"8",False,NULL,"1"
335,27,1,2,2,"0.5",False,NULL,"1"
343,28,2,3,3,"0.5",False,NULL,"1"
303,12,3,3,2,"8",False,NULL,"1"
307,12,4,3,3,"8",False,NULL,"1"
311,13,1,3,2,"0.5",False,NULL,"1"
319,26,1,2,1,"4",False,NULL,"1"
324,42,1,3,2,"8",False,NULL,"1"
330,27,1,4,2,"0.5",False,NULL,"1"
337,27,1,4,3,"0.5",False,NULL,"1"
304,12,3,3,3,"8",False,NULL,"1"
305,12,3,4,2,"8",False,NULL,"1"
308,12,4,4,3,"8",False,NULL,"1"
312,13,1,3,3,"0.5",False,NULL,"1"
328,26,1,4,2,"4",False,NULL,"1"
320,26,1,2,2,"4",False,NULL,"1"
325,42,1,2,1,"8",False,NULL,"1"
315,42,1,4,3,"8",False,NULL,"1"
339,28,2,4,2,"0.5",False,NULL,"1"
341,28,2,3,1,"0.5",False,NULL,"1"
342,28,2,3,2,"0.5",False,NULL,"1"
310,13,1,3,1,"0.5",False,NULL,"1"
313,13,1,4,2,"0.5",False,NULL,"1"
314,13,1,4,3,"0.5",False,NULL,"1"
316,26,1,3,1,"4",False,NULL,"1"
321,26,1,2,3,"4",False,NULL,"1"
326,42,1,2,2,"8",False,NULL,"1"
329,42,1,3,3,"8",False,NULL,"1"
331,27,1,3,1,"0.5",False,NULL,"1"
338,27,1,3,3,"0.5",False,NULL,"1"
317,26,1,3,2,"4",False,NULL,"1"
322,42,1,4,2,"8",False,NULL,"1"
327,42,1,2,3,"8",False,NULL,"1"
332,27,1,3,2,"0.5",False,NULL,"1"
334,27,1,2,1,"0.5",False,NULL,"1"
336,27,1,2,3,"0.5",False,NULL,"1"
340,28,2,4,3,"0.5",False,NULL,"1"
344,28,2,2,1,"0.5",False,NULL,"1"
345,28,2,2,2,"0.5",False,NULL,"1"
346,28,2,2,3,"0.5",False,NULL,"1"
347,28,3,4,2,"0.5",False,NULL,"1"
349,28,3,3,2,"0.5",False,NULL,"1"
348,28,3,3,3,"0.5",False,NULL,"1"
350,28,3,2,2,"0.5",False,NULL,"1"
351,28,3,2,3,"0.5",False,NULL,"1"
352,28,4,3,3,"0.5",False,NULL,"1"
353,28,4,2,3,"0.5",False,NULL,"1"
354,43,1,4,2,"1",False,NULL,"1"
355,43,1,3,1,"1",False,NULL,"1"
356,43,1,3,2,"1",False,NULL,"1"
357,43,1,3,3,"1",False,NULL,"1"
358,43,1,2,1,"1",False,NULL,"1"
359,43,1,2,2,"1",False,NULL,"1"
360,43,1,2,3,"1",False,NULL,"1"
361,31,1,3,1,"2",False,NULL,"1"
362,31,1,4,3,"2",False,NULL,"1"
363,31,1,3,2,"2",False,NULL,"1"
364,31,1,3,3,"2",False,NULL,"1"
365,31,1,2,1,"2",False,NULL,"1"
366,31,1,2,2,"2",False,NULL,"1"
367,31,1,2,3,"2",False,NULL,"1"
368,44,1,4,2,"3",False,NULL,"1"
370,44,1,3,1,"3",False,NULL,"1"
371,44,1,3,2,"3",False,NULL,"1"
372,44,1,3,3,"3",False,NULL,"1"
373,44,1,2,1,"3",False,NULL,"1"
374,44,1,2,2,"3",False,NULL,"1"
375,44,1,2,3,"3",False,NULL,"1"
376,45,1,4,2,"6",False,NULL,"1"
377,45,1,3,1,"6",False,NULL,"1"
378,45,1,3,2,"6",False,NULL,"1"
379,45,1,3,3,"6",False,NULL,"1"
380,45,1,2,1,"6",False,NULL,"1"
381,45,1,2,2,"6",False,NULL,"1"
382,45,1,2,3,"6",False,NULL,"1"
383,32,2,3,2,"4",False,NULL,"1"
384,32,2,3,3,"4",False,NULL,"1"
385,32,2,2,1,"4",False,NULL,"1"
386,32,2,2,2,"4",False,NULL,"1"
387,32,2,2,3,"4",False,NULL,"1"
388,32,3,3,3,"4",False,NULL,"1"
389,32,3,1,2,"4",False,NULL,"1"
390,32,3,1,3,"4",False,NULL,"1"
391,32,3,2,2,"4",False,NULL,"1"
392,32,3,2,3,"4",False,NULL,"1"
393,32,4,1,3,"4",False,NULL,"1"
394,32,4,2,3,"4",False,NULL,"1"
395,33,1,2,1,"4",False,NULL,"1"
396,33,1,2,3,"4",False,NULL,"1"
397,33,1,1,2,"4",False,NULL,"1"
398,33,1,1,3,"4",False,NULL,"1"
399,33,1,3,1,"4",False,NULL,"1"
400,33,1,3,2,"4",False,NULL,"1"
401,33,1,3,3,"4",False,NULL,"1"
402,34,1,2,1,"2",False,NULL,"1"
403,34,1,2,3,"2",False,NULL,"1"
404,34,1,3,1,"2",False,NULL,"1"
405,34,1,3,2,"2",False,NULL,"1"
406,34,1,3,3,"2",False,NULL,"1"
407,34,1,1,2,"2",False,NULL,"1"
408,34,1,1,3,"2",False,NULL,"1"
409,34,1,4,2,"2",False,NULL,"1"
410,34,1,4,3,"2",False,NULL,"1"
411,14,1,1,2,"4",False,NULL,"1"
412,14,1,2,1,"4",False,NULL,"1"
413,14,1,2,3,"4",False,NULL,"1"
414,14,1,3,1,"4",False,NULL,"1"
415,14,1,3,2,"4",False,NULL,"1"
416,14,1,3,3,"4",False,NULL,"1"
417,35,1,2,2,"2",False,NULL,"1"
418,35,1,2,3,"2",False,NULL,"1"
419,35,1,3,1,"2",False,NULL,"1"
420,35,1,3,2,"2",False,NULL,"1"
421,35,1,1,2,"2",False,NULL,"1"
422,35,1,3,3,"2",False,NULL,"1"
423,36,1,4,3,"0.5",False,NULL,"1"
424,36,1,3,1,"0.5",False,NULL,"1"
425,36,1,3,2,"0.5",False,NULL,"1"
426,36,1,3,3,"0.5",False,NULL,"1"
427,36,1,1,2,"0.5",False,NULL,"1"
428,36,1,1,3,"0.5",False,NULL,"1"
429,36,1,2,1,"0.5",False,NULL,"1"
430,36,1,2,2,"0.5",False,NULL,"1"
431,36,1,2,3,"0.5",False,NULL,"1"
432,37,1,4,3,"0.5",False,NULL,"1"
433,37,1,3,1,"0.5",False,NULL,"1"
434,37,1,3,2,"0.5",False,NULL,"1"
435,37,1,3,3,"0.5",False,NULL,"1"
436,37,1,1,2,"0.5",False,NULL,"1"
437,37,1,1,3,"0.5",False,NULL,"1"
438,37,1,2,1,"0.5",False,NULL,"1"
439,37,1,2,2,"0.5",False,NULL,"1"
440,37,1,2,3,"0.5",False,NULL,"1"
442,38,2,3,2,"1",False,NULL,"1"
441,38,2,4,3,"1",False,NULL,"1"
443,38,2,3,3,"1",False,NULL,"1"
444,38,2,3,1,"1",False,NULL,"1"
445,38,2,1,2,"1",False,NULL,"1"
446,38,2,1,3,"1",False,NULL,"1"
447,21,2,2,1,"1",False,NULL,"1"
448,38,2,2,2,"1",False,NULL,"1"
449,38,2,2,3,"1",False,NULL,"1"
450,38,2,2,1,"1",False,NULL,"1"
451,38,3,4,3,"1",False,NULL,"1"
452,38,3,3,2,"1",False,NULL,"1"
453,38,3,3,3,"1",False,NULL,"1"
454,38,3,1,2,"1",False,NULL,"1"
455,38,3,1,3,"1",False,NULL,"1"
456,38,3,2,2,"1",False,NULL,"1"
457,38,3,2,3,"1",False,NULL,"1"
458,38,4,3,3,"1",False,NULL,"1"
459,38,4,1,3,"1",False,NULL,"1"
460,38,4,2,3,"1",False,NULL,"1"
461,39,1,4,2,"2",False,NULL,"1"
462,39,1,3,1,"2",False,NULL,"1"
463,39,1,3,2,"2",False,NULL,"1"
464,39,1,3,3,"2",False,NULL,"1"
465,39,1,1,2,"2",False,NULL,"1"
466,39,1,1,3,"2",False,NULL,"1"
467,39,1,2,1,"2",False,NULL,"1"
468,39,1,2,2,"2",False,NULL,"1"
469,39,1,2,3,"2",False,NULL,"1"
470,40,2,4,3,"24",False,NULL,"1"
471,40,2,3,1,"24",False,NULL,"1"
472,40,2,3,2,"24",False,NULL,"1"
473,40,2,3,3,"24",False,NULL,"1"
478,40,3,3,2,"24",False,NULL,"1"
483,40,3,2,3,"24",False,NULL,"1"
488,40,2,1,3,"24",False,NULL,"1"
494,15,1,3,1,"8",False,NULL,"1"
502,41,1,3,2,"2",False,NULL,"1"
504,17,1,1,2,"2",False,NULL,"1"
509,17,1,3,2,"2",False,NULL,"1"
474,40,2,2,1,"24",False,NULL,"1"
479,40,3,3,3,"24",False,NULL,"1"
484,40,4,3,3,"24",False,NULL,"1"
489,40,2,1,2,"24",False,NULL,"1"
492,15,1,2,1,"8",False,NULL,"1"
495,15,1,3,3,"8",False,NULL,"1"
497,16,3,4,3,"1",False,NULL,"1"
505,17,1,4,2,"2",False,NULL,"1"
475,40,2,2,2,"24",False,NULL,"1"
480,40,3,1,2,"24",False,NULL,"1"
493,15,1,2,3,"8",False,NULL,"1"
498,16,3,3,3,"1",False,NULL,"1"
501,41,1,3,1,"2",False,NULL,"1"
476,40,2,2,3,"24",False,NULL,"1"
481,40,3,1,3,"24",False,NULL,"1"
486,40,4,2,3,"24",False,NULL,"1"
491,15,1,4,3,"8",False,NULL,"1"
496,16,3,1,3,"1",False,NULL,"1"
500,41,1,4,3,"2",False,NULL,"1"
506,17,1,2,1,"2",False,NULL,"1"
477,40,3,4,2,"24",False,NULL,"1"
482,40,3,2,2,"24",False,NULL,"1"
490,15,1,1,3,"8",False,NULL,"1"
503,41,1,3,3,"2",False,NULL,"1"
507,17,1,2,2,"2",False,NULL,"1"
510,18,1,2,1,"2",False,NULL,"1"
511,18,1,3,1,"2",False,NULL,"1"
54,18,1,2,3,"2",False,NULL,"1"
56,18,1,3,2,"2",False,NULL,"1"
57,18,1,3,3,"2",False,NULL,"1"
512,47,1,1,2,"2",False,NULL,"1"
513,47,1,1,3,"2",False,NULL,"1"
514,47,1,4,2,"2",False,NULL,"1"
515,47,1,4,3,"2",False,NULL,"1"
516,47,1,2,1,"2",False,NULL,"1"
517,47,1,2,2,"2",False,NULL,"1"
518,47,1,2,3,"2",False,NULL,"1"
519,47,1,3,1,"2",False,NULL,"1"
520,47,1,3,3,"2",False,NULL,"1"
521,47,1,3,2,"2",False,NULL,"1"
522,48,1,1,2,"16",False,NULL,"1"
523,48,1,1,3,"16",False,NULL,"1"
524,48,1,2,1,"16",False,NULL,"1"
525,48,1,2,2,"16",False,NULL,"1"
526,48,1,2,3,"16",False,NULL,"1"
527,48,1,3,1,"16",False,NULL,"1"
528,48,1,3,2,"16",False,NULL,"1"
529,48,1,3,3,"16",False,NULL,"1"
530,48,1,4,2,"16",False,NULL,"1"
531,48,1,4,3,"16",False,NULL,"1"
533,32,2,1,2,"4",False,NULL,"1"
535,32,2,1,3,"4",False,NULL,"1"
536,35,1,1,3,"2",False,NULL,"1"
538,21,2,2,3,"4",False,NULL,"1"
539,21,3,2,3,"4",False,NULL,"1"
540,24,3,1,3,"16",False,NULL,"1"
541,25,2,2,3,"4",False,NULL,"1"
542,25,3,2,2,"4",False,NULL,"1"
543,6,1,3,3,"16",False,NULL,"1"
544,7,2,4,2,"24",False,NULL,"1"
545,7,2,3,1,"24",False,NULL,"1"
546,9,1,1,3,"1",False,NULL,"1"
547,16,3,2,3,"1",False,NULL,"1"
548,17,1,3,1,"2",False,NULL,"1"
549,24,4,2,3,"16",False,NULL,"1"
550,25,4,2,3,"4",False,NULL,"1"
900,142,5,11,2,NULL,False,NULL,"1"
906,142,5,9,3,NULL,False,NULL,"1"
908,142,5,14,3,NULL,False,NULL,"1"
763,98,5,11,2,"2",False,281,"1"
764,98,5,11,3,"2",False,282,"1"
765,98,5,10,2,"2",False,284,"1"
766,98,5,9,1,"2",False,286,"1"
767,98,5,9,2,"2",False,287,"1"
768,98,5,9,3,"2",False,288,"1"
769,98,5,12,3,"2",False,291,"1"
770,98,5,13,3,"2",False,294,"1"
771,98,5,14,3,"2",False,297,"1"
773,98,5,16,2,"2",False,302,"1"
785,97,5,11,2,"0.1",False,329,"1"
786,97,5,11,3,"0.1",False,330,"1"
787,97,5,10,2,"0.1",False,332,"1"
788,97,5,9,1,"0.1",False,334,"1"
789,97,5,9,2,"0.1",False,335,"1"
790,97,5,9,3,"0.1",False,336,"1"
791,97,5,12,3,"0.1",False,339,"1"
792,97,5,13,3,"0.1",False,342,"1"
793,97,5,14,3,"0.1",False,345,"1"
795,97,5,16,2,"0.1",False,350,"1"
800,107,5,9,3,"36",False,357,"1"
801,107,5,12,3,"36",False,359,"1"
806,109,5,8,4,"0.5",False,368,"1"
807,99,5,17,2,NULL,False,369,"1"
912,143,10,21,4,"24",False,NULL,"1"
914,145,10,21,4,"32",False,NULL,"1"
915,146,10,21,4,"8",False,NULL,"1"
895,141,5,9,2,"2",True,NULL,"1"
889,141,5,11,3,"2",True,NULL,"1"
892,141,5,14,3,"2",True,NULL,"1"
898,106,5,14,3,"1",True,NULL,"1"
774,100,5,11,2,"1",True,305,"1"
799,107,5,9,2,"36",True,356,"1"
798,107,5,10,2,"36",True,354,"1"
797,107,5,11,3,"36",True,353,"1"
802,107,5,13,3,"36",True,361,"1"
803,107,5,14,3,"36",True,363,"1"
779,100,5,9,3,"1",True,312,"1"
775,100,5,11,3,"1",True,306,"1"
784,100,5,16,2,"1",True,326,"1"
776,100,5,10,2,"1",True,308,"1"
780,100,5,12,3,"1",True,315,"1"
782,100,5,14,3,"1",True,321,"1"
758,108,5,12,3,"1",True,267,"1"
759,108,5,13,3,"1",True,270,"1"
760,108,5,14,3,"1",True,273,"1"
762,108,5,16,2,"1",True,278,"1"
781,100,5,13,3,"1",True,318,"1"
777,100,5,9,1,"1",True,310,"1"
778,100,5,9,2,"1",True,311,"1"
916,147,10,21,4,"24",False,NULL,"1"
917,148,10,21,4,"24",False,NULL,"1"
919,150,10,21,4,"40",False,NULL,"1"
920,151,10,21,4,"40",False,NULL,"1"
922,153,10,21,4,"24",False,NULL,"1"
923,154,10,21,4,"64",False,NULL,"1"
924,155,10,21,4,"48",False,NULL,"1"
925,156,10,21,4,"32",False,NULL,"1"
927,158,10,21,4,"96",False,NULL,"1"
928,159,10,21,4,"96",False,NULL,"1"
929,160,10,21,4,"96",False,NULL,"1"
933,164,10,21,4,"96",False,NULL,"1"
918,149,10,21,4,"4",False,NULL,"0.5"
921,152,10,21,4,"16",False,NULL,"0.5"
926,157,10,21,4,"1",False,NULL,"0.5"
930,161,10,21,4,"32",False,NULL,"0.5"
931,162,10,21,4,"32",False,NULL,"0.5"
932,163,10,21,4,"16",False,NULL,"0.5"
